Order Date,Sales,Trend_Days,Predicted_Trend
2014-01-03,16.448,0,1170.1997257486255
2014-01-04,288.06,1,1171.3111732159412
2014-01-05,19.536,2,1172.4226206832568
2014-01-06,4407.1,3,1173.5340681505725
2014-01-07,87.15799999999999,4,1174.6455156178881
2014-01-09,40.544,5,1175.756963085204
2014-01-10,54.83,6,1176.8684105525197
2014-01-11,9.94,7,1177.9798580198353
2014-01-13,3553.795,8,1179.091305487151
2014-01-14,61.96,9,1180.2027529544666
2014-01-15,149.95,10,1181.3142004217823
2014-01-16,299.964,11,1182.425647889098
2014-01-18,64.864,12,1183.5370953564136
2014-01-19,378.594,13,1184.6485428237293
2014-01-20,2673.87,14,1185.7599902910451
2014-01-21,25.248,15,1186.8714377583608
2014-01-23,46.019999999999996,16,1187.9828852256765
2014-01-26,1097.25,17,1189.094332692992
2014-01-27,426.67,18,1190.2057801603078
2014-01-28,3.928,19,1191.3172276276234
2014-01-30,240.5,20,1192.428675094939
2014-01-31,290.666,21,1193.5401225622547
2014-02-01,468.9,22,1194.6515700295704
2014-02-02,211.64600000000002,23,1195.7630174968863
2014-02-03,97.11200000000001,24,1196.874464964202
2014-02-04,134.38400000000001,25,1197.9859124315176
2014-02-06,330.512,26,1199.0973598988332
2014-02-07,180.32,27,1200.208807366149
2014-02-08,14.56,28,1201.3202548334646
2014-02-11,2043.4,29,1202.4317023007802
2014-02-12,129.568,30,1203.5431497680959
2014-02-14,576.726,31,1204.6545972354115
2014-02-15,21.36,32,1205.7660447027274
2014-02-16,9.04,33,1206.877492170043
2014-02-17,54.208,34,1207.9889396373587
2014-02-18,37.784,35,1209.1003871046744
2014-02-20,95.59,36,1210.21183457199
2014-02-21,8.85,37,1211.3232820393057
2014-02-22,19.44,38,1212.4347295066214
2014-02-23,11.364,39,1213.546176973937
2014-02-24,55.672,40,1214.6576244412527
2014-02-27,19.456,41,1215.7690719085685
2014-03-01,2203.151,42,1216.8805193758842
2014-03-02,202.384,43,1217.9919668431999
2014-03-03,1345.8919999999998,44,1219.1034143105155
2014-03-04,370.452,45,1220.2148617778312
2014-03-05,705.562,46,1221.3263092451468
2014-03-07,1561.062,47,1222.4377567124625
2014-03-10,741.956,48,1223.5492041797781
2014-03-11,918.314,49,1224.6606516470938
2014-03-14,2108.55,50,1225.7720991144097
2014-03-15,370.78200000000004,51,1226.8835465817253
2014-03-16,471.92,52,1227.994994049041
2014-03-17,3960.358,53,1229.1064415163567
2014-03-18,28106.716,54,1230.2178889836723
2014-03-19,590.762,55,1231.329336450988
2014-03-21,4109.816,56,1232.4407839183036
2014-03-22,464.09299999999996,57,1233.5522313856193
2014-03-23,945.064,58,1234.663678852935
2014-03-24,65.38,59,1235.7751263202508
2014-03-25,459.146,60,1236.8865737875665
2014-03-26,145.13,61,1237.9980212548821
2014-03-28,1823.8039999999999,62,1239.1094687221978
2014-03-29,890.841,63,1240.2209161895134
2014-03-30,1170.3220000000001,64,1241.332363656829
2014-03-31,1959.552,65,1242.4438111241448
2014-04-01,119.88799999999999,66,1243.5552585914604
2014-04-02,1458.558,67,1244.666706058776
2014-04-03,233.45,68,1245.778153526092
2014-04-04,475.844,69,1246.8896009934076
2014-04-05,5295.098000000001,70,1248.0010484607233
2014-04-06,1650.69,71,1249.112495928039
2014-04-07,1021.1700000000001,72,1250.2239433953546
2014-04-08,1958.75,73,1251.3353908626702
2014-04-11,1915.24,74,1252.446838329986
2014-04-12,1912.123,75,1253.5582857973016
2014-04-13,638.576,76,1254.6697332646172
2014-04-15,294.71999999999997,77,1255.781180731933
2014-04-16,39.072,78,1256.8926281992487
2014-04-18,1020.532,79,1258.0040756665644
2014-04-19,205.47,80,1259.11552313388
2014-04-20,1250.45,81,1260.2269706011957
2014-04-21,845.36,82,1261.3384180685114
2014-04-22,257.752,83,1262.449865535827
2014-04-23,643.98,84,1263.5613130031427
2014-04-25,2379.9939999999997,85,1264.6727604704583
2014-04-26,282.568,86,1265.7842079377742
2014-04-28,2578.476,87,1266.8956554050899
2014-04-29,768.8439999999999,88,1268.0071028724055
2014-04-30,1048.74,89,1269.1185503397212
2014-05-02,506.12,90,1270.2299978070369
2014-05-03,72.632,91,1271.3414452743525
2014-05-04,187.43200000000002,92,1272.4528927416682
2014-05-05,260.977,93,1273.5643402089838
2014-05-06,254.456,94,1274.6757876762995
2014-05-07,1091.35,95,1275.7872351436154
2014-05-08,1799.97,96,1276.898682610931
2014-05-09,394.48,97,1278.0101300782467
2014-05-10,2343.799,98,1279.1215775455623
2014-05-11,1642.802,99,1280.233025012878
2014-05-12,734.846,100,1281.3444724801936
2014-05-13,898.382,101,1282.4559199475093
2014-05-14,310.88,102,1283.567367414825
2014-05-16,289.28,103,1284.6788148821406
2014-05-17,91.68,104,1285.7902623494565
2014-05-18,948.9480000000001,105,1286.9017098167722
2014-05-19,91.62,106,1288.0131572840878
2014-05-20,320.10400000000004,107,1289.1246047514035
2014-05-21,4264.3279999999995,108,1290.2360522187191
2014-05-22,180.93,109,1291.3474996860348
2014-05-23,323.75800000000004,110,1292.4589471533504
2014-05-24,116.28,111,1293.570394620666
2014-05-25,119.53999999999999,112,1294.6818420879817
2014-05-26,1325.718,113,1295.7932895552976
2014-05-27,2157.394,114,1296.9047370226133
2014-05-28,221.96800000000002,115,1298.016184489929
2014-05-30,1924.913,116,1299.1276319572446
2014-05-31,773.7,117,1300.2390794245603
2014-06-01,5188.5199999999995,118,1301.350526891876
2014-06-02,738.598,119,1302.4619743591916
2014-06-03,741.336,120,1303.5734218265072
2014-06-04,456.272,121,1304.6848692938229
2014-06-06,1374.0010000000002,122,1305.7963167611388
2014-06-07,281.397,123,1306.9077642284544
2014-06-08,2501.264,124,1308.01921169577
2014-06-09,5463.008,125,1309.1306591630857
2014-06-10,491.55,126,1310.2421066304014
2014-06-13,14.52,127,1311.353554097717
2014-06-14,212.94,128,1312.4650015650327
2014-06-15,942.9739999999999,129,1313.5764490323484
2014-06-16,763.792,130,1314.687896499664
2014-06-17,3418.5020000000004,131,1315.79934396698
2014-06-18,139.8,132,1316.9107914342956
2014-06-20,1828.9496,133,1318.0222389016112
2014-06-21,4107.443,134,1319.1336863689269
2014-06-22,1975.498,135,1320.2451338362425
2014-06-23,109.49600000000001,136,1321.3565813035582
2014-06-24,4.272,137,1322.4680287708738
2014-06-25,792.76,138,1323.5794762381895
2014-06-27,616.14,139,1324.6909237055052
2014-06-28,1645.791,140,1325.802371172821
2014-06-29,46.68,141,1326.9138186401367
2014-06-30,739.624,142,1328.0252661074524
2014-07-01,601.0239999999999,143,1329.136713574768
2014-07-02,79.56,144,1330.2481610420837
2014-07-04,247.40800000000002,145,1331.3596085093993
2014-07-05,1444.104,146,1332.471055976715
2014-07-06,1038.472,147,1333.5825034440306
2014-07-07,241.19400000000002,148,1334.6939509113463
2014-07-08,763.0740000000001,149,1335.8053983786622
2014-07-09,265.521,150,1336.9168458459778
2014-07-11,2187.206,151,1338.0282933132935
2014-07-12,1960.012,152,1339.1397407806091
2014-07-13,351.216,153,1340.2511882479248
2014-07-14,292.594,154,1341.3626357152405
2014-07-15,9.51,155,1342.4740831825561
2014-07-18,273.04,156,1343.5855306498718
2014-07-19,461.326,157,1344.6969781171874
2014-07-20,2285.786,158,1345.8084255845033
2014-07-21,1961.482,159,1346.919873051819
2014-07-22,1348.344,160,1348.0313205191346
2014-07-23,2613.1839999999997,161,1349.1427679864503
2014-07-25,8341.289999999999,162,1350.254215453766
2014-07-26,5039.994,163,1351.3656629210816
2014-07-27,580.06,164,1352.4771103883973
2014-07-28,193.152,165,1353.588557855713
2014-07-30,1367.84,166,1354.7000053230286
2014-08-01,228.328,167,1355.8114527903444
2014-08-02,886.28,168,1356.92290025766
2014-08-03,477.994,169,1358.0343477249758
2014-08-04,2743.154,170,1359.1457951922914
2014-08-05,2408.7239999999997,171,1360.257242659607
2014-08-06,262.89,172,1361.3686901269227
2014-08-08,3955.629,173,1362.4801375942384
2014-08-09,3605.6850000000004,174,1363.591585061554
2014-08-11,451.62,175,1364.7030325288697
2014-08-12,1832.38,176,1365.8144799961856
2014-08-15,842.7819999999999,177,1366.9259274635012
2014-08-16,853.092,178,1368.037374930817
2014-08-17,500.342,179,1369.1488223981326
2014-08-19,1439.106,180,1370.2602698654482
2014-08-20,1838.722,181,1371.3717173327639
2014-08-22,23.104,182,1372.4831648000795
2014-08-23,565.224,183,1373.5946122673952
2014-08-24,59.74,184,1374.7060597347108
2014-08-25,1451.6499999999999,185,1375.8175072020267
2014-08-26,366.81,186,1376.9289546693424
2014-08-27,2070.13,187,1378.040402136658
2014-08-29,832.3225,188,1379.1518496039737
2014-08-30,121.24,189,1380.2632970712893
2014-08-31,92.52,190,1381.374744538605
2014-09-01,469.436,191,1382.4861920059207
2014-09-02,3254.15,192,1383.5976394732363
2014-09-03,22.08,193,1384.709086940552
2014-09-05,296.304,194,1385.8205344078679
2014-09-06,100.36,195,1386.9319818751835
2014-09-07,3523.875,196,1388.0434293424992
2014-09-08,14228.428,197,1389.1548768098148
2014-09-09,4043.5879999999997,198,1390.2663242771305
2014-09-10,1855.2279999999998,199,1391.3777717444461
2014-09-11,127.95,200,1392.4892192117618
2014-09-12,4904.66,201,1393.6006666790774
2014-09-13,1275.408,202,1394.712114146393
2014-09-14,5023.716,203,1395.823561613709
2014-09-15,133.436,204,1396.9350090810246
2014-09-16,33.552,205,1398.0464565483403
2014-09-17,820.523,206,1399.157904015656
2014-09-19,9338.637,207,1400.2693514829716
2014-09-20,5335.968000000001,208,1401.3807989502873
2014-09-21,2679.652,209,1402.492246417603
2014-09-22,1240.266,210,1403.6036938849186
2014-09-23,10662.337000000001,211,1404.7151413522342
2014-09-24,211.96,212,1405.8265888195501
2014-09-25,354.88880000000006,213,1406.9380362868658
2014-09-26,1480.614,214,1408.0494837541814
2014-09-27,773.4399999999999,215,1409.160931221497
2014-09-28,490.29200000000003,216,1410.2723786888128
2014-09-29,8109.07,217,1411.3838261561284
2014-09-30,987.532,218,1412.495273623444
2014-10-01,4.71,219,1413.6067210907597
2014-10-02,598.144,220,1414.7181685580754
2014-10-03,862.683,221,1415.8296160253913
2014-10-04,728.7479999999999,222,1416.941063492707
2014-10-05,191.9,223,1418.0525109600226
2014-10-06,494.71,224,1419.1639584273382
2014-10-07,237.35999999999999,225,1420.2754058946539
2014-10-08,147.392,226,1421.3868533619695
2014-10-09,249.35999999999999,227,1422.4983008292852
2014-10-10,2049.386,228,1423.6097482966009
2014-10-11,1381.164,229,1424.7211957639165
2014-10-12,58.53,230,1425.8326432312324
2014-10-13,2212.182,231,1426.944090698548
2014-10-14,4525.484,232,1428.0555381658637
2014-10-15,206.72400000000002,233,1429.1669856331794
2014-10-16,194.322,234,1430.278433100495
2014-10-17,136.068,235,1431.3898805678107
2014-10-18,3134.916,236,1432.5013280351263
2014-10-19,641.104,237,1433.6127755024422
2014-10-20,1501.104,238,1434.7242229697576
2014-10-21,1356.602,239,1435.8356704370735
2014-10-22,223.808,240,1436.9471179043892
2014-10-24,56.49,241,1438.0585653717048
2014-10-25,103.882,242,1439.1700128390205
2014-10-26,447.88,243,1440.2814603063362
2014-10-27,22.32,244,1441.3929077736518
2014-10-28,1510.5819999999999,245,1442.5043552409675
2014-10-29,2813.8120000000004,246,1443.6158027082834
2014-10-31,5362.026,247,1444.7272501755988
2014-11-01,4732.08,248,1445.8386976429147
2014-11-02,2126.37,249,1446.9501451102303
2014-11-03,2784.163,250,1448.061592577546
2014-11-04,6693.7480000000005,251,1449.1730400448616
2014-11-05,1694.564,252,1450.2844875121773
2014-11-06,43.68,253,1451.395934979493
2014-11-07,1449.142,254,1452.5073824468086
2014-11-08,333.576,255,1453.6188299141245
2014-11-09,1574.094,256,1454.73027738144
2014-11-10,2002.556,257,1455.8417248487558
2014-11-11,8114.548,258,1456.9531723160715
2014-11-12,1054.7612,259,1458.0646197833871
2014-11-14,1034.73,260,1459.1760672507028
2014-11-15,1780.822,261,1460.2875147180184
2014-11-16,1355.9285,262,1461.398962185334
2014-11-17,11544.274,263,1462.5104096526497
2014-11-18,3406.855,264,1463.6218571199656
2014-11-19,7226.086,265,1464.733304587281
2014-11-20,907.5600000000001,266,1465.844752054597
2014-11-21,1249.622,267,1466.9561995219126
2014-11-22,1103.298,268,1468.0676469892283
2014-11-23,1363.28,269,1469.179094456544
2014-11-24,5578.606,270,1470.2905419238596
2014-11-25,4415.695,271,1471.4019893911752
2014-11-26,1705.99,272,1472.5134368584909
2014-11-27,203.66,273,1473.6248843258068
2014-11-28,2280.83,274,1474.7363317931222
2014-11-29,649.044,275,1475.847779260438
2014-11-30,219.154,276,1476.9592267277537
2014-12-01,5624.39,277,1478.0706741950694
2014-12-02,1771.808,278,1479.182121662385
2014-12-03,505.88,279,1480.2935691297007
2014-12-04,129.98,280,1481.4050165970164
2014-12-05,2963.642,281,1482.516464064332
2014-12-06,1970.978,282,1483.627911531648
2014-12-07,548.4,283,1484.7393589989633
2014-12-08,1095.12,284,1485.8508064662792
2014-12-09,1522.652,285,1486.9622539335949
2014-12-10,573.336,286,1488.0737014009105
2014-12-12,4938.4045,287,1489.1851488682262
2014-12-13,293.152,288,1490.2965963355418
2014-12-14,7641.658,289,1491.4080438028575
2014-12-15,1264.466,290,1492.5194912701731
2014-12-16,4394.187,291,1493.630938737489
2014-12-17,45.534,292,1494.7423862048045
2014-12-19,3436.7599999999998,293,1495.8538336721203
2014-12-20,6962.4400000000005,294,1496.965281139436
2014-12-21,1933.44,295,1498.0767286067517
2014-12-22,798.968,296,1499.1881760740673
2014-12-23,942.108,297,1500.299623541383
2014-12-24,1950.202,298,1501.4110710086986
2014-12-26,2041.414,299,1502.5225184760143
2014-12-27,2966.388,300,1503.6339659433302
2014-12-28,3732.2960000000003,301,1504.7454134106456
2014-12-29,2072.096,302,1505.8568608779615
2014-12-30,2172.6510000000003,303,1506.9683083452771
2014-12-31,5253.2699999999995,304,1508.0797558125928
2015-01-02,1932.096,305,1509.1912032799084
2015-01-03,1768.2215999999999,306,1510.302650747224
2015-01-04,264.46000000000004,307,1511.4140982145398
2015-01-05,295.272,308,1512.5255456818554
2015-01-06,31.538,309,1513.6369931491713
2015-01-09,364.07,310,1514.7484406164867
2015-01-10,1018.104,311,1515.8598880838026
2015-01-12,854.614,312,1516.9713355511183
2015-01-13,622.278,313,1518.082783018434
2015-01-17,350.384,314,1519.1942304857496
2015-01-19,301.742,315,1520.3056779530652
2015-01-23,43.66,316,1521.417125420381
2015-01-24,13.12,317,1522.5285728876966
2015-01-26,182.72,318,1523.6400203550124
2015-01-27,3573.252,319,1524.7514678223279
2015-01-28,4297.644,320,1525.8629152896438
2015-01-30,2161.6400000000003,321,1526.9743627569594
2015-01-31,99.26,322,1528.085810224275
2015-02-03,492.836,323,1529.1972576915907
2015-02-06,2432.544,324,1530.3087051589064
2015-02-07,324.10999999999996,325,1531.420152626222
2015-02-08,129.09199999999998,326,1532.5316000935377
2015-02-09,785.5519999999999,327,1533.6430475608536
2015-02-10,77.24,328,1534.754495028169
2015-02-14,1079.962,329,1535.865942495485
2015-02-15,1602.38,330,1536.9773899628005
2015-02-16,160.43,331,1538.0888374301162
2015-02-18,105.844,332,1539.2002848974319
2015-02-20,316.78000000000003,333,1540.3117323647475
2015-02-21,2591.1,334,1541.4231798320632
2015-02-22,79.36,335,1542.5346272993788
2015-02-23,37.775999999999996,336,1543.6460747666947
2015-02-25,25.869999999999997,337,1544.7575222340101
2015-02-27,1159.2710000000002,338,1545.868969701326
2015-02-28,551.264,339,1546.9804171686417
2015-03-01,1642.1743999999999,340,1548.0918646359573
2015-03-02,899.5699999999999,341,1549.203312103273
2015-03-05,1969.267,342,1550.3147595705886
2015-03-06,1555.244,343,1551.4262070379043
2015-03-07,807.54,344,1552.53765450522
2015-03-08,2563.2960000000003,345,1553.6491019725358
2015-03-09,478.008,346,1554.7605494398513
2015-03-10,90.93199999999999,347,1555.8719969071672
2015-03-12,51.016000000000005,348,1556.9834443744828
2015-03-13,1384.856,349,1558.0948918417985
2015-03-14,707.9000000000001,350,1559.2063393091141
2015-03-15,16.776,351,1560.3177867764298
2015-03-16,7230.209999999999,352,1561.4292342437454
2015-03-17,48.84,353,1562.540681711061
2015-03-19,5652.9396,354,1563.652129178377
2015-03-20,1548.194,355,1564.7635766456924
2015-03-21,1270.3790000000001,356,1565.8750241130083
2015-03-22,2481.424,357,1566.986471580324
2015-03-23,633.302,358,1568.0979190476396
2015-03-24,412.95,359,1569.2093665149553
2015-03-26,4623.37,360,1570.320813982271
2015-03-27,83.7,361,1571.4322614495866
2015-03-28,243.344,362,1572.5437089169022
2015-03-29,1559.0800000000002,363,1573.6551563842181
2015-03-30,571.224,364,1574.7666038515335
2015-03-31,200.716,365,1575.8780513188494
2015-04-02,299.22,366,1576.989498786165
2015-04-04,1484.598,367,1578.1009462534807
2015-04-05,2974.058,368,1579.2123937207964
2015-04-06,140.004,369,1580.323841188112
2015-04-07,907.436,370,1581.4352886554277
2015-04-09,757.992,371,1582.5467361227434
2015-04-10,169.54199999999997,372,1583.6581835900593
2015-04-11,1328.346,373,1584.7696310573747
2015-04-12,40.74,374,1585.8810785246906
2015-04-13,3192.6780000000003,375,1586.9925259920062
2015-04-14,35.208,376,1588.1039734593219
2015-04-16,4161.972,377,1589.2154209266375
2015-04-17,2745.106,378,1590.3268683939532
2015-04-18,2006.96,379,1591.4383158612688
2015-04-19,329.96,380,1592.5497633285845
2015-04-20,1194.726,381,1593.6612107959004
2015-04-21,893.0899999999999,382,1594.7726582632158
2015-04-22,152.916,383,1595.8841057305317
2015-04-24,25.99,384,1596.9955531978474
2015-04-25,920.946,385,1598.107000665163
2015-04-26,2090.1055,386,1599.2184481324787
2015-04-27,2719.59,387,1600.3298955997943
2015-04-28,4044.3619999999996,388,1601.44134306711
2015-04-29,7.968,389,1602.5527905344256
2015-04-30,1571.695,390,1603.6642380017415
2015-05-01,450.94,391,1604.775685469057
2015-05-02,167.232,392,1605.8871329363728
2015-05-03,2198.76,393,1606.9985804036885
2015-05-04,1121.362,394,1608.1100278710041
2015-05-07,305.622,395,1609.2214753383198
2015-05-08,3981.968,396,1610.3329228056355
2015-05-09,48.81,397,1611.4443702729511
2015-05-10,154.442,398,1612.5558177402668
2015-05-11,191.968,399,1613.6672652075827
2015-05-12,1060.35,400,1614.778712674898
2015-05-13,238.384,401,1615.890160142214
2015-05-14,3141.1994999999997,402,1617.0016076095296
2015-05-15,69.908,403,1618.1130550768453
2015-05-16,255.968,404,1619.224502544161
2015-05-17,134.46800000000002,405,1620.3359500114766
2015-05-18,10.86,406,1621.4473974787923
2015-05-20,169.54399999999998,407,1622.558844946108
2015-05-21,72.332,408,1623.6702924134238
2015-05-22,3862.0980000000004,409,1624.7817398807392
2015-05-23,1304.956,410,1625.893187348055
2015-05-24,610.3069999999999,411,1627.0046348153708
2015-05-25,1739.4180000000001,412,1628.1160822826864
2015-05-26,982.5640000000001,413,1629.227529750002
2015-05-28,794.146,414,1630.3389772173177
2015-05-29,1204.842,415,1631.4504246846334
2015-05-30,681.1,416,1632.561872151949
2015-05-31,5178.138,417,1633.673319619265
2015-06-01,834.1980000000001,418,1634.7847670865804
2015-06-04,1192.31,419,1635.8962145538962
2015-06-05,1533.1979999999999,420,1637.007662021212
2015-06-07,59.768,421,1638.1191094885276
2015-06-08,1083.112,422,1639.2305569558432
2015-06-09,797.116,423,1640.3420044231589
2015-06-11,3373.5640000000003,424,1641.4534518904745
2015-06-12,174.476,425,1642.5648993577902
2015-06-13,1128.898,426,1643.676346825106
2015-06-14,51.072,427,1644.7877942924215
2015-06-15,734.144,428,1645.8992417597374
2015-06-16,3443.904,429,1647.010689227053
2015-06-18,1883.087,430,1648.1221366943687
2015-06-19,446.346,431,1649.2335841616843
2015-06-20,829.544,432,1650.345031629
2015-06-21,107.976,433,1651.4564790963157
2015-06-22,2018.953,434,1652.5679265636313
2015-06-23,836.9580000000001,435,1653.6793740309472
2015-06-25,857.08,436,1654.7908214982626
2015-06-26,1592.1960000000001,437,1655.9022689655785
2015-06-28,1386.466,438,1657.0137164328942
2015-06-29,432.92600000000004,439,1658.1251639002098
2015-07-02,1631.902,440,1659.2366113675255
2015-07-03,823.982,441,1660.3480588348411
2015-07-04,1138.288,442,1661.4595063021568
2015-07-05,121.646,443,1662.5709537694725
2015-07-06,1379.812,444,1663.6824012367883
2015-07-08,21.12,445,1664.7938487041038
2015-07-09,1587.114,446,1665.9052961714196
2015-07-10,43.286,447,1667.0167436387353
2015-07-11,1941.952,448,1668.128191106051
2015-07-12,2052.567,449,1669.2396385733666
2015-07-13,2033.2559999999999,450,1670.3510860406823
2015-07-14,860.9159999999999,451,1671.462533507998
2015-07-16,3029.386,452,1672.5739809753136
2015-07-17,448.082,453,1673.6854284426295
2015-07-18,672.418,454,1674.796875909945
2015-07-19,2.025,455,1675.9083233772608
2015-07-20,2693.168,456,1677.0197708445764
2015-07-23,208.272,457,1678.131218311892
2015-07-24,525.95,458,1679.2426657792078
2015-07-25,2395.024,459,1680.3541132465234
2015-07-26,969.225,460,1681.465560713839
2015-07-27,29.97,461,1682.5770081811547
2015-07-30,443.802,462,1683.6884556484706
2015-07-31,3712.162,463,1684.799903115786
2015-08-01,1011.696,464,1685.911350583102
2015-08-02,1290.478,465,1687.0227980504176
2015-08-05,72.65,466,1688.1342455177332
2015-08-06,494.86920000000003,467,1689.245692985049
2015-08-07,968.206,468,1690.3571404523645
2015-08-08,840.102,469,1691.4685879196802
2015-08-09,4878.392000000001,470,1692.5800353869959
2015-08-10,851.4739999999999,471,1693.6914828543117
2015-08-11,196.112,472,1694.8029303216272
2015-08-13,586.896,473,1695.914377788943
2015-08-15,497.59000000000003,474,1697.0258252562587
2015-08-16,3378.9320000000002,475,1698.1372727235744
2015-08-17,381.64,476,1699.24872019089
2015-08-21,2827.52,477,1700.3601676582057
2015-08-22,66.632,478,1701.4716151255213
2015-08-23,1202.278,479,1702.583062592837
2015-08-24,7194.775000000001,480,1703.6945100601529
2015-08-25,178.52599999999998,481,1704.8059575274683
2015-08-27,639.9739999999999,482,1705.9174049947842
2015-08-28,6491.293,483,1707.0288524620998
2015-08-29,246.5,484,1708.1402999294155
2015-08-31,2601.797,485,1709.2517473967312
2015-09-01,2367.564,486,1710.3631948640468
2015-09-03,1874.898,487,1711.4746423313625
2015-09-04,1071.284,488,1712.5860897986781
2015-09-05,934.1030000000001,489,1713.697537265994
2015-09-06,1005.654,490,1714.8089847333094
2015-09-07,2922.667,491,1715.9204322006253
2015-09-08,89.64,492,1717.031879667941
2015-09-10,1415.726,493,1718.1433271352566
2015-09-11,1962.13,494,1719.2547746025723
2015-09-12,707.824,495,1720.366222069888
2015-09-13,3445.772,496,1721.4776695372036
2015-09-14,3262.42,497,1722.5891170045193
2015-09-15,2535.85,498,1723.7005644718352
2015-09-16,31.12,499,1724.8120119391506
2015-09-17,11525.006,500,1725.9234594064665
2015-09-18,3924.32,501,1727.0349068737821
2015-09-19,500.38,502,1728.1463543410978
2015-09-20,1836.052,503,1729.2578018084134
2015-09-21,6982.058,504,1730.369249275729
2015-09-22,1783.504,505,1731.4806967430447
2015-09-24,4220.594,506,1732.5921442103604
2015-09-25,3033.757,507,1733.7035916776763
2015-09-26,3722.273,508,1734.8150391449917
2015-09-27,2382.958,509,1735.9264866123076
2015-09-28,1058.364,510,1737.0379340796233
2015-10-01,1158.414,511,1738.149381546939
2015-10-02,1269.266,512,1739.2608290142546
2015-10-03,275.218,513,1740.3722764815702
2015-10-04,505.58,514,1741.4837239488859
2015-10-05,851.092,515,1742.5951714162015
2015-10-08,222.12,516,1743.7066188835174
2015-10-09,2133.5350000000003,517,1744.8180663508329
2015-10-10,2248.194,518,1745.9295138181487
2015-10-11,1011.8955,519,1747.0409612854644
2015-10-12,2390.758,520,1748.15240875278
2015-10-13,371.65999999999997,521,1749.2638562200957
2015-10-15,3219.554,522,1750.3753036874114
2015-10-16,824.97,523,1751.486751154727
2015-10-17,77.88,524,1752.5981986220427
2015-10-18,378.494,525,1753.7096460893586
2015-10-19,2135.09,526,1754.821093556674
2015-10-20,720.086,527,1755.9325410239899
2015-10-22,15.128,528,1757.0439884913055
2015-10-23,2262.296,529,1758.1554359586212
2015-10-24,831.145,530,1759.2668834259368
2015-10-25,1425.412,531,1760.3783308932525
2015-10-26,1395.333,532,1761.4897783605682
2015-10-28,104.51,533,1762.6012258278838
2015-10-29,244.24,534,1763.7126732951997
2015-10-30,2122.044,535,1764.8241207625151
2015-10-31,3211.009,536,1765.935568229831
2015-11-01,3106.1059999999998,537,1767.0470156971467
2015-11-02,5528.551,538,1768.1584631644623
2015-11-03,2800.846,539,1769.269910631778
2015-11-05,834.874,540,1770.3813580990936
2015-11-06,11.481,541,1771.4928055664093
2015-11-07,3073.073,542,1772.604253033725
2015-11-08,12196.997,543,1773.7157005010408
2015-11-09,4620.2919999999995,544,1774.8271479683563
2015-11-10,3536.904,545,1775.9385954356721
2015-11-11,542.178,546,1777.0500429029878
2015-11-12,1127.992,547,1778.1614903703035
2015-11-13,3591.0771999999997,548,1779.272937837619
2015-11-14,2512.71,549,1780.3843853049348
2015-11-15,702.17,550,1781.4958327722504
2015-11-16,4072.334,551,1782.607280239566
2015-11-17,3885.986,552,1783.718727706882
2015-11-19,1040.784,553,1784.8301751741974
2015-11-20,2861.15,554,1785.9416226415133
2015-11-21,3613.5748,555,1787.053070108829
2015-11-22,614.499,556,1788.1645175761446
2015-11-23,3450.1879999999996,557,1789.2759650434602
2015-11-24,1218.7640000000001,558,1790.387412510776
2015-11-25,13.12,559,1791.4988599780916
2015-11-26,1484.0819999999999,560,1792.6103074454072
2015-11-27,3109.7835,561,1793.721754912723
2015-11-28,1864.482,562,1794.8332023800385
2015-11-29,2760.168,563,1795.9446498473544
2015-11-30,1798.3970000000002,564,1797.05609731467
2015-12-01,7130.594,565,1798.1675447819857
2015-12-03,1972.645,566,1799.2789922493014
2015-12-04,5185.814,567,1800.390439716617
2015-12-05,897.322,568,1801.5018871839327
2015-12-06,6061.502,569,1802.6133346512484
2015-12-07,1338.298,570,1803.7247821185642
2015-12-08,2672.728,571,1804.8362295858797
2015-12-09,34.02,572,1805.9476770531955
2015-12-10,3080.38,573,1807.0591245205112
2015-12-11,1590.894,574,1808.1705719878269
2015-12-12,1448.854,575,1809.2820194551425
2015-12-13,1023.386,576,1810.3934669224582
2015-12-14,858.304,577,1811.5049143897738
2015-12-15,5494.796,578,1812.6163618570895
2015-12-16,4.98,579,1813.7278093244054
2015-12-17,1918.492,580,1814.8392567917208
2015-12-18,935.288,581,1815.9507042590367
2015-12-19,6120.656,582,1817.0621517263523
2015-12-20,1107.464,583,1818.173599193668
2015-12-21,3257.7599999999998,584,1819.2850466609837
2015-12-22,473.313,585,1820.3964941282993
2015-12-23,194.32,586,1821.507941595615
2015-12-24,7484.566000000001,587,1822.6193890629306
2015-12-25,4204.968,588,1823.7308365302465
2015-12-26,561.486,589,1824.842283997562
2015-12-27,5148.4472,590,1825.9537314648778
2015-12-28,79.2,591,1827.0651789321935
2015-12-29,6.36,592,1828.1766263995091
2015-12-30,3251.34,593,1829.2880738668248
2015-12-31,1381.344,594,1830.3995213341404
2016-01-02,405.91999999999996,595,1831.510968801456
2016-01-03,2095.83,596,1832.6224162687718
2016-01-04,1069.22,597,1833.7338637360876
2016-01-05,255.904,598,1834.845311203403
2016-01-07,83.576,599,1835.956758670719
2016-01-08,1859.1580000000001,600,1837.0682061380346
2016-01-09,743.0459999999999,601,1838.1796536053503
2016-01-10,174.75,602,1839.291101072666
2016-01-11,149.444,603,1840.4025485399816
2016-01-14,405.344,604,1841.5139960072972
2016-01-15,701.923,605,1842.625443474613
2016-01-16,102.21799999999999,606,1843.7368909419288
2016-01-17,1040.55,607,1844.8483384092442
2016-01-21,1167.056,608,1845.95978587656
2016-01-22,917.63,609,1847.0712333438757
2016-01-23,1732.3,610,1848.1826808111914
2016-01-24,31.36,611,1849.294128278507
2016-01-25,858.712,612,1850.4055757458227
2016-01-28,39.68,613,1851.5170232131384
2016-01-30,3107.316,614,1852.628470680454
2016-01-31,1601.5539999999999,615,1853.73991814777
2016-02-01,161.97,616,1854.8513656150853
2016-02-02,8996.784,617,1855.9628130824012
2016-02-03,866.4,618,1857.0742605497169
2016-02-04,197.868,619,1858.1857080170325
2016-02-05,2994.476,620,1859.2971554843482
2016-02-06,132.224,621,1860.4086029516639
2016-02-07,762.142,622,1861.5200504189795
2016-02-08,1369.476,623,1862.6314978862952
2016-02-09,121.83,624,1863.742945353611
2016-02-11,69.93,625,1864.8543928209265
2016-02-12,1366.04,626,1865.9658402882424
2016-02-13,146.82,627,1867.077287755558
2016-02-14,837.921,628,1868.1887352228737
2016-02-15,407.072,629,1869.3001826901893
2016-02-16,1135.638,630,1870.411630157505
2016-02-19,392.65999999999997,631,1871.5230776248206
2016-02-20,16.496,632,1872.6345250921363
2016-02-21,1524.126,633,1873.7459725594522
2016-02-22,983.17,634,1874.8574200267676
2016-02-23,57.576,635,1875.9688674940835
2016-02-25,46.72,636,1877.0803149613992
2016-02-27,243.892,637,1878.1917624287148
2016-02-28,36.48,638,1879.3032098960305
2016-02-29,111.104,639,1880.4146573633461
2016-03-01,6285.8060000000005,640,1881.5261048306618
2016-03-03,7264.422,641,1882.6375522979774
2016-03-04,315.45,642,1883.7489997652933
2016-03-05,162.344,643,1884.8604472326087
2016-03-06,811.303,644,1885.9718946999246
2016-03-07,21.072,645,1887.0833421672403
2016-03-08,2190.81,646,1888.194789634556
2016-03-09,635.6,647,1889.3062371018716
2016-03-10,7879.734,648,1890.4176845691873
2016-03-11,896.0219999999999,649,1891.5291320365031
2016-03-12,1694.6419999999998,650,1892.6405795038186
2016-03-13,8866.882,651,1893.7520269711345
2016-03-14,669.3679999999999,652,1894.8634744384499
2016-03-15,2356.808,653,1895.9749219057658
2016-03-17,2360.3340000000003,654,1897.0863693730814
2016-03-18,1061.682,655,1898.197816840397
2016-03-19,138.68,656,1899.3092643077127
2016-03-20,928.311,657,1900.4207117750284
2016-03-21,645.7059999999999,658,1901.5321592423443
2016-03-22,226.46800000000002,659,1902.6436067096597
2016-03-24,745.774,660,1903.7550541769756
2016-03-25,1346.97,661,1904.866501644291
2016-03-26,682.246,662,1905.977949111607
2016-03-27,92.69999999999999,663,1907.0893965789226
2016-03-28,125.30000000000001,664,1908.2008440462382
2016-03-29,2659.339,665,1909.3122915135539
2016-03-30,11.34,666,1910.4237389808695
2016-03-31,640.762,667,1911.5351864481854
2016-04-01,2161.48,668,1912.6466339155008
2016-04-02,1454.9,669,1913.7580813828167
2016-04-03,441.198,670,1914.8695288501322
2016-04-04,970.194,671,1915.980976317448
2016-04-05,1046.3339999999998,672,1917.0924237847637
2016-04-06,1294.75,673,1918.2038712520794
2016-04-07,1970.574,674,1919.315318719395
2016-04-08,2906.404,675,1920.4267661867107
2016-04-09,1115.197,676,1921.5382136540265
2016-04-10,950.594,677,1922.649661121342
2016-04-12,1542.53,678,1923.7611085886579
2016-04-13,6.12,679,1924.8725560559733
2016-04-14,1466.572,680,1925.9840035232892
2016-04-15,2201.8559999999998,681,1927.0954509906048
2016-04-16,9335.086000000001,682,1928.2068984579205
2016-04-17,421.08500000000004,683,1929.3183459252361
2016-04-18,2514.538,684,1930.4297933925518
2016-04-19,1414.132,685,1931.5412408598677
2016-04-21,271.616,686,1932.6526883271831
2016-04-22,1765.4650000000001,687,1933.764135794499
2016-04-23,720.368,688,1934.8755832618144
2016-04-24,1607.1,689,1935.9870307291303
2016-04-25,108.42,690,1937.098478196446
2016-04-26,434.646,691,1938.2099256637616
2016-04-28,486.672,692,1939.3213731310773
2016-04-30,142.208,693,1940.432820598393
2016-05-01,517.866,694,1941.5442680657088
2016-05-02,1098.136,695,1942.6557155330242
2016-05-03,1099.013,696,1943.7671630003401
2016-05-05,2701.28,697,1944.8786104676556
2016-05-06,236.96,698,1945.9900579349714
2016-05-07,4835.976,699,1947.101505402287
2016-05-08,1340.2440000000001,700,1948.2129528696028
2016-05-09,1283.512,701,1949.3244003369184
2016-05-10,763.0200000000001,702,1950.435847804234
2016-05-11,5.98,703,1951.54729527155
2016-05-12,918.878,704,1952.6587427388654
2016-05-14,455.93,705,1953.7701902061813
2016-05-15,648.9119999999999,706,1954.8816376734967
2016-05-16,880.4599999999999,707,1955.9930851408126
2016-05-17,346.922,708,1957.1045326081282
2016-05-18,122.22,709,1958.215980075444
2016-05-19,1582.008,710,1959.3274275427596
2016-05-20,2471.913,711,1960.4388750100752
2016-05-21,2718.2140000000004,712,1961.550322477391
2016-05-22,1799.2,713,1962.6617699447065
2016-05-23,10560.978000000001,714,1963.7732174120224
2016-05-24,277.756,715,1964.8846648793378
2016-05-25,1311.97,716,1965.9961123466537
2016-05-26,1975.356,717,1967.1075598139694
2016-05-27,5305.078,718,1968.219007281285
2016-05-28,2137.324,719,1969.3304547486007
2016-05-29,1063.185,720,1970.4419022159163
2016-05-30,8090.578,721,1971.5533496832322
2016-05-31,438.85900000000004,722,1972.6647971505477
2016-06-02,157.844,723,1973.7762446178635
2016-06-03,71.088,724,1974.887692085179
2016-06-04,2316.5229999999997,725,1975.9991395524949
2016-06-05,659.82,726,1977.1105870198105
2016-06-06,6026.312,727,1978.2220344871262
2016-06-07,51.562,728,1979.3334819544418
2016-06-09,1688.4720000000002,729,1980.4449294217575
2016-06-10,1412.3960000000002,730,1981.5563768890734
2016-06-11,1623.416,731,1982.6678243563888
2016-06-12,2962.563,732,1983.7792718237047
2016-06-13,430.43800000000005,733,1984.89071929102
2016-06-14,3457.099,734,1986.002166758336
2016-06-15,173.488,735,1987.1136142256516
2016-06-16,147.27499999999998,736,1988.2250616929673
2016-06-17,3000.92,737,1989.336509160283
2016-06-18,541.938,738,1990.4479566275986
2016-06-19,17.12,739,1991.5594040949145
2016-06-20,1229.548,740,1992.67085156223
2016-06-21,577.108,741,1993.7822990295458
2016-06-23,2475.094,742,1994.8937464968612
2016-06-24,5310.952,743,1996.0051939641771
2016-06-25,893.266,744,1997.1166414314928
2016-06-26,1919.6000000000001,745,1998.2280888988084
2016-06-27,778.7059999999999,746,1999.339536366124
2016-06-28,877.156,747,2000.4509838334398
2016-06-29,191.88,748,2001.5624313007556
2016-06-30,1352.9499999999998,749,2002.673878768071
2016-07-01,1724.376,750,2003.785326235387
2016-07-02,772.786,751,2004.8967737027024
2016-07-03,847.6999999999999,752,2006.0082211700183
2016-07-04,1651.301,753,2007.119668637334
2016-07-07,3882.2309999999998,754,2008.2311161046496
2016-07-08,2616.512,755,2009.3425635719652
2016-07-09,573.286,756,2010.4540110392809
2016-07-10,895.895,757,2011.5654585065968
2016-07-12,95.76,758,2012.6769059739122
2016-07-14,2149.96,759,2013.788353441228
2016-07-15,380.2,760,2014.8998009085435
2016-07-16,910.17,761,2016.0112483758594
2016-07-17,2184.88,762,2017.122695843175
2016-07-18,2891.858,763,2018.2341433104907
2016-07-19,1536.454,764,2019.3455907778064
2016-07-20,89.95,765,2020.457038245122
2016-07-21,991.095,766,2021.568485712438
2016-07-22,1368.048,767,2022.6799331797533
2016-07-23,654.587,768,2023.7913806470692
2016-07-24,326.964,769,2024.9028281143846
2016-07-25,5920.488,770,2026.0142755817005
2016-07-28,2033.374,771,2027.1257230490162
2016-07-29,819.154,772,2028.2371705163318
2016-07-30,1770.7759999999998,773,2029.3486179836475
2016-07-31,2174.1580000000004,774,2030.4600654509632
2016-08-01,1124.648,775,2031.571512918279
2016-08-02,482.584,776,2032.6829603855945
2016-08-03,248.82,777,2033.7944078529104
2016-08-04,497.90999999999997,778,2034.9058553202258
2016-08-05,197.05,779,2036.0173027875417
2016-08-06,320.38800000000003,780,2037.1287502548573
2016-08-07,179.97,781,2038.240197722173
2016-08-08,1115.204,782,2039.3516451894886
2016-08-09,661.3539999999999,783,2040.4630926568043
2016-08-11,151.82,784,2041.5745401241202
2016-08-12,3951.9605,785,2042.6859875914356
2016-08-13,731.524,786,2043.7974350587515
2016-08-14,923.688,787,2044.908882526067
2016-08-15,1680.2659999999998,788,2046.0203299933828
2016-08-16,204.54000000000002,789,2047.1317774606985
2016-08-17,15.712,790,2048.243224928014
2016-08-18,496.114,791,2049.3546723953295
2016-08-19,448.792,792,2050.4661198626454
2016-08-20,14.78,793,2051.5775673299613
2016-08-21,4798.2919999999995,794,2052.6890147972767
2016-08-22,405.35,795,2053.8004622645926
2016-08-23,4187.348,796,2054.911909731908
2016-08-26,4874.298,797,2056.023357199224
2016-08-27,767.9110000000001,798,2057.13480466654
2016-08-28,322.0248,799,2058.2462521338553
2016-08-29,632.188,800,2059.3576996011707
2016-08-30,1656.8700000000001,801,2060.4691470684866
2016-08-31,23.968,802,2061.5805945358024
2016-09-01,5766.152,803,2062.692042003118
2016-09-02,6792.193,804,2063.8034894704338
2016-09-03,2365.596,805,2064.914936937749
2016-09-04,4532.0419999999995,806,2066.026384405065
2016-09-05,5226.348,807,2067.137831872381
2016-09-06,1313.536,808,2068.2492793396964
2016-09-08,4493.9836000000005,809,2069.360726807012
2016-09-09,84.992,810,2070.4721742743277
2016-09-10,2094.324,811,2071.5836217416436
2016-09-11,6501.586,812,2072.695069208959
2016-09-12,2043.792,813,2073.806516676275
2016-09-13,2374.73,814,2074.9179641435903
2016-09-14,1137.338,815,2076.029411610906
2016-09-15,2101.1820000000002,816,2077.140859078222
2016-09-16,425.88599999999997,817,2078.2523065455375
2016-09-17,2043.126,818,2079.363754012853
2016-09-18,4751.082,819,2080.475201480169
2016-09-19,3839.312,820,2081.5866489474847
2016-09-20,1232.004,821,2082.6980964148
2016-09-22,615.57,822,2083.809543882116
2016-09-23,1322.145,823,2084.9209913494315
2016-09-24,2286.05,824,2086.0324388167473
2016-09-25,3443.091,825,2087.1438862840632
2016-09-26,2698.1665,826,2088.2553337513787
2016-09-27,1992.9858,827,2089.366781218694
2016-09-28,99.136,828,2090.47822868601
2016-09-29,1307.792,829,2091.589676153326
2016-09-30,525.884,830,2092.7011236206413
2016-10-01,781.414,831,2093.812571087957
2016-10-02,18452.972,832,2094.9240185552726
2016-10-03,1680.696,833,2096.0354660225885
2016-10-04,5912.782,834,2097.1469134899044
2016-10-06,830.4000000000001,835,2098.25836095722
2016-10-07,973.712,836,2099.369808424535
2016-10-08,561.5360000000001,837,2100.481255891851
2016-10-09,546.92,838,2101.592703359167
2016-10-10,282.75300000000004,839,2102.7041508264824
2016-10-11,33.064,840,2103.8155982937983
2016-10-13,1650.618,841,2104.9270457611137
2016-10-14,3335.888,842,2106.0384932284296
2016-10-15,1620.15,843,2107.1499406957455
2016-10-16,142.182,844,2108.261388163061
2016-10-17,2953.346,845,2109.3728356303764
2016-10-18,307.92,846,2110.4842830976922
2016-10-20,946.174,847,2111.595730565008
2016-10-21,7951.592,848,2112.7071780323236
2016-10-22,188.28,849,2113.8186254996394
2016-10-23,467.42199999999997,850,2114.930072966955
2016-10-24,1365.498,851,2116.0415204342708
2016-10-25,783.96,852,2117.1529679015866
2016-10-27,978.7900000000001,853,2118.264415368902
2016-10-28,2899.0209999999997,854,2119.3758628362175
2016-10-29,131.154,855,2120.4873103035334
2016-10-30,159.002,856,2121.5987577708493
2016-10-31,3750.4990000000003,857,2122.7102052381647
2016-11-01,453.374,858,2123.8216527054806
2016-11-03,3802.7960000000003,859,2124.933100172796
2016-11-04,3888.8179999999998,860,2126.044547640112
2016-11-05,4266.8988,861,2127.1559951074278
2016-11-06,773.2560000000001,862,2128.267442574743
2016-11-07,3810.464,863,2129.3788900420586
2016-11-08,993.9000000000001,864,2130.4903375093745
2016-11-09,479.97,865,2131.6017849766904
2016-11-10,4723.478,866,2132.713232444006
2016-11-11,4944.296,867,2133.8246799113217
2016-11-12,4914.938,868,2134.936127378637
2016-11-13,2945.138,869,2136.047574845953
2016-11-14,2774.0620000000004,870,2137.159022313269
2016-11-15,2145.718,871,2138.2704697805843
2016-11-16,36.72,872,2139.3819172478998
2016-11-17,142.684,873,2140.4933647152156
2016-11-18,3958.9320000000002,874,2141.6048121825315
2016-11-19,638.462,875,2142.716259649847
2016-11-20,3070.333,876,2143.827707117163
2016-11-21,1176.891,877,2144.9391545844783
2016-11-22,317.044,878,2146.050602051794
2016-11-23,100.61599999999999,879,2147.16204951911
2016-11-24,6394.5380000000005,880,2148.2734969864255
2016-11-25,7978.551,881,2149.384944453741
2016-11-26,8329.743,882,2150.496391921057
2016-11-27,1651.239,883,2151.6078393883727
2016-11-28,3428.372,884,2152.719286855688
2016-11-29,300.592,885,2153.830734323004
2016-11-30,970.142,886,2154.9421817903194
2016-12-01,7365.455,887,2156.0536292576353
2016-12-02,4684.616,888,2157.165076724951
2016-12-03,5269.816,889,2158.2765241922666
2016-12-04,944.2860000000001,890,2159.387971659582
2016-12-05,5267.004,891,2160.499419126898
2016-12-06,3878.276,892,2161.610866594214
2016-12-08,4709.095,893,2162.7223140615292
2016-12-09,1855.483,894,2163.833761528845
2016-12-10,3459.71,895,2164.9452089961605
2016-12-11,6102.25,896,2166.0566564634764
2016-12-12,1981.115,897,2167.1681039307923
2016-12-13,1194.088,898,2168.2795513981077
2016-12-14,828.654,899,2169.390998865423
2016-12-15,2637.087,900,2170.502446332739
2016-12-16,628.5419999999999,901,2171.613893800055
2016-12-17,12185.134,902,2172.7253412673704
2016-12-18,7051.35,903,2173.8367887346863
2016-12-19,815.1120000000001,904,2174.9482362020017
2016-12-20,134.54,905,2176.0596836693176
2016-12-22,1043.128,906,2177.1711311366334
2016-12-23,6965.857,907,2178.282578603949
2016-12-24,1938.26,908,2179.3940260712643
2016-12-25,10488.055,909,2180.50547353858
2016-12-26,1829.418,910,2181.616921005896
2016-12-27,959.49,911,2182.7283684732115
2016-12-29,1277.68,912,2183.8398159405274
2016-12-30,773.774,913,2184.951263407843
2016-12-31,731.768,914,2186.0627108751587
2017-01-01,1481.8280000000002,915,2187.1741583424746
2017-01-02,2079.554,916,2188.28560580979
2017-01-03,2070.272,917,2189.3970532771054
2017-01-06,33.74,918,2190.5085007444213
2017-01-07,3395.59,919,2191.619948211737
2017-01-08,892.98,920,2192.7313956790526
2017-01-09,274.491,921,2193.8428431463685
2017-01-12,848.52,922,2194.954290613684
2017-01-13,4619.33,923,2196.065738081
2017-01-14,1056.038,924,2197.1771855483157
2017-01-15,2140.28,925,2198.288633015631
2017-01-16,6230.2919999999995,926,2199.4000804829466
2017-01-19,2013.715,927,2200.5115279502625
2017-01-20,767.838,928,2201.6229754175783
2017-01-21,2546.643,929,2202.734422884894
2017-01-22,4212.372,930,2203.8458703522097
2017-01-23,450.334,931,2204.957317819525
2017-01-24,418.66599999999994,932,2206.068765286841
2017-01-26,3055.2799999999997,933,2207.180212754157
2017-01-27,331.914,934,2208.2916602214723
2017-01-28,1007.52,935,2209.4031076887877
2017-01-29,294.842,936,2210.5145551561036
2017-01-30,3749.335,937,2211.6260026234195
2017-02-02,913.354,938,2212.737450090735
2017-02-03,922.327,939,2213.848897558051
2017-02-04,32.67,940,2214.960345025366
2017-02-05,2263.012,941,2216.071792492682
2017-02-06,904.354,942,2217.183239959998
2017-02-09,773.7639999999999,943,2218.2946874273134
2017-02-10,227.103,944,2219.406134894629
2017-02-11,1241.516,945,2220.5175823619447
2017-02-13,1058.43,946,2221.6290298292606
2017-02-16,1337.442,947,2222.740477296576
2017-02-17,2964.8174,948,2223.851924763892
2017-02-18,287.326,949,2224.9633722312074
2017-02-19,1314.59,950,2226.0748196985232
2017-02-20,1150.29,951,2227.186267165839
2017-02-21,47.904,952,2228.2977146331546
2017-02-23,117.79999999999998,953,2229.40916210047
2017-02-24,1448.676,954,2230.520609567786
2017-02-25,430.49199999999996,955,2231.6320570351018
2017-02-26,2847.6459999999997,956,2232.743504502417
2017-02-28,17.62,957,2233.854951969733
2017-03-02,1450.126,958,2234.9663994370485
2017-03-03,2000.1039999999998,959,2236.0778469043644
2017-03-04,228.822,960,2237.1892943716803
2017-03-05,1240.02,961,2238.3007418389957
2017-03-06,778.236,962,2239.412189306311
2017-03-07,166.59,963,2240.523636773627
2017-03-08,843.1,964,2241.635084240943
2017-03-09,710.804,965,2242.7465317082583
2017-03-10,1252.952,966,2243.857979175574
2017-03-11,1973.708,967,2244.9694266428896
2017-03-12,353.28,968,2246.0808741102055
2017-03-13,4791.35,969,2247.1923215775214
2017-03-14,49.616,970,2248.303769044837
2017-03-16,2014.381,971,2249.4152165121523
2017-03-17,542.746,972,2250.526663979468
2017-03-18,1027.758,973,2251.638111446784
2017-03-19,2166.248,974,2252.7495589140995
2017-03-20,899.568,975,2253.8610063814153
2017-03-21,3332.636,976,2254.9724538487308
2017-03-23,14816.068,977,2256.0839013160466
2017-03-24,1257.298,978,2257.1953487833625
2017-03-25,3567.026,979,2258.306796250678
2017-03-26,3252.88,980,2259.4182437179934
2017-03-27,2933.516,981,2260.5296911853093
2017-03-28,1504.702,982,2261.641138652625
2017-03-29,81.4,983,2262.7525861199406
2017-03-30,656.407,984,2263.8640335872565
2017-03-31,4981.010799999999,985,2264.975481054572
2017-04-01,5972.988,986,2266.086928521888
2017-04-02,822.97,987,2267.1983759892037
2017-04-03,32.528,988,2268.309823456519
2017-04-04,808.47,989,2269.4212709238345
2017-04-06,114.41999999999999,990,2270.5327183911504
2017-04-07,1971.2905,991,2271.6441658584663
2017-04-08,6401.93,992,2272.7556133257817
2017-04-09,1626.71,993,2273.8670607930976
2017-04-10,755.529,994,2274.978508260413
2017-04-11,319.806,995,2276.089955727729
2017-04-12,69.66,996,2277.201403195045
2017-04-13,1345.8239999999998,997,2278.3128506623602
2017-04-14,652.93,998,2279.4242981296757
2017-04-15,332.338,999,2280.5357455969915
2017-04-16,944.429,1000,2281.6471930643074
2017-04-17,3431.4590000000003,1001,2282.758640531623
2017-04-20,2033.24,1002,2283.8700879989387
2017-04-21,1254.564,1003,2284.981535466254
2017-04-22,947.692,1004,2286.09298293357
2017-04-23,1199.222,1005,2287.204430400886
2017-04-24,928.558,1006,2288.3158778682014
2017-04-25,678.113,1007,2289.427325335517
2017-04-26,61.608000000000004,1008,2290.5387728028327
2017-04-27,576.5756,1009,2291.6502202701486
2017-04-28,795.296,1010,2292.761667737464
2017-04-29,1053.26,1011,2293.87311520478
2017-04-30,1390.1260000000002,1012,2294.9845626720953
2017-05-01,4108.37,1013,2296.096010139411
2017-05-02,399.11,1014,2297.207457606727
2017-05-03,1386.346,1015,2298.3189050740425
2017-05-04,1389.4050000000002,1016,2299.430352541358
2017-05-05,185.123,1017,2300.541800008674
2017-05-06,3183.3698,1018,2301.6532474759897
2017-05-07,2549.468,1019,2302.764694943305
2017-05-08,3658.5540000000005,1020,2303.876142410621
2017-05-09,1078.222,1021,2304.9875898779364
2017-05-11,449.469,1022,2306.0990373452523
2017-05-12,970.384,1023,2307.210484812568
2017-05-13,3066.378,1024,2308.3219322798836
2017-05-14,4182.062,1025,2309.433379747199
2017-05-15,421.264,1026,2310.544827214515
2017-05-16,221.024,1027,2311.656274681831
2017-05-18,1830.508,1028,2312.7677221491463
2017-05-19,4919.182,1029,2313.879169616462
2017-05-20,2997.578,1030,2314.9906170837776
2017-05-21,538.02,1031,2316.1020645510935
2017-05-22,336.56199999999995,1032,2317.2135120184093
2017-05-23,241.436,1033,2318.324959485725
2017-05-25,886.026,1034,2319.43640695304
2017-05-26,270.24,1035,2320.547854420356
2017-05-27,2084.908,1036,2321.659301887672
2017-05-28,1480.103,1037,2322.7707493549874
2017-05-29,691.108,1038,2323.8821968223033
2017-05-30,736.8904,1039,2324.9936442896187
2017-06-01,5058.362,1040,2326.1050917569346
2017-06-02,135.70600000000002,1041,2327.2165392242505
2017-06-03,2952.036,1042,2328.327986691566
2017-06-04,279.414,1043,2329.4394341588813
2017-06-05,491.11199999999997,1044,2330.550881626197
2017-06-06,31.349999999999998,1045,2331.662329093513
2017-06-08,2227.038,1046,2332.7737765608285
2017-06-09,939.1329999999999,1047,2333.8852240281444
2017-06-10,2513.3430000000003,1048,2334.99667149546
2017-06-11,1580.894,1049,2336.1081189627757
2017-06-12,1679.968,1050,2337.2195664300916
2017-06-13,1156.018,1051,2338.331013897407
2017-06-15,4057.51,1052,2339.4424613647225
2017-06-16,2724.194,1053,2340.5539088320384
2017-06-17,3896.672,1054,2341.6653562993542
2017-06-18,1031.1555,1055,2342.7768037666697
2017-06-19,2115.941,1056,2343.8882512339856
2017-06-20,1028.228,1057,2344.999698701301
2017-06-21,595.656,1058,2346.111146168617
2017-06-22,579.019,1059,2347.2225936359328
2017-06-24,1287.614,1060,2348.334041103248
2017-06-25,1508.3519999999999,1061,2349.4454885705636
2017-06-26,4224.136,1062,2350.5569360378795
2017-06-27,1644.906,1063,2351.6683835051954
2017-06-29,4521.9912,1064,2352.779830972511
2017-06-30,4721.977,1065,2353.8912784398267
2017-07-01,639.83,1066,2355.002725907142
2017-07-02,169.192,1067,2356.114173374458
2017-07-03,6963.4039999999995,1068,2357.225620841774
2017-07-05,476.35400000000004,1069,2358.3370683090893
2017-07-06,380.37800000000004,1070,2359.4485157764047
2017-07-07,1620.25,1071,2360.5599632437206
2017-07-08,1980.2640000000001,1072,2361.6714107110365
2017-07-09,1671.214,1073,2362.782858178352
2017-07-10,359.21399999999994,1074,2363.894305645668
2017-07-11,1728.892,1075,2365.0057531129833
2017-07-12,3.816,1076,2366.117200580299
2017-07-13,504.542,1077,2367.228648047615
2017-07-14,3598.9339999999997,1078,2368.3400955149305
2017-07-15,2132.229,1079,2369.451542982246
2017-07-16,316.636,1080,2370.5629904495618
2017-07-17,2191.873,1081,2371.6744379168777
2017-07-18,2106.794,1082,2372.785885384193
2017-07-20,2283.208,1083,2373.897332851509
2017-07-21,3685.944,1084,2375.0087803188244
2017-07-22,556.3140000000001,1085,2376.1202277861403
2017-07-23,898.188,1086,2377.231675253456
2017-07-24,2399.96,1087,2378.3431227207716
2017-07-25,798.742,1088,2379.454570188087
2017-07-26,2012.3020000000001,1089,2380.566017655403
2017-07-27,1142.68,1090,2381.677465122719
2017-07-28,1170.5639999999999,1091,2382.788912590034
2017-07-29,1391.294,1092,2383.90036005735
2017-07-30,523.376,1093,2385.0118075246655
2017-07-31,1558.028,1094,2386.1232549919814
2017-08-01,2085.65,1095,2387.2347024592973
2017-08-03,531.348,1096,2388.3461499266127
2017-08-04,20.07,1097,2389.457597393928
2017-08-05,503.676,1098,2390.569044861244
2017-08-06,1424.026,1099,2391.68049232856
2017-08-07,3479.624,1100,2392.7919397958754
2017-08-10,1823.0700000000002,1101,2393.9033872631912
2017-08-11,708.726,1102,2395.0148347305067
2017-08-12,3693.084,1103,2396.1262821978225
2017-08-13,2643.164,1104,2397.2377296651384
2017-08-14,440.736,1105,2398.349177132454
2017-08-15,1949.872,1106,2399.4606245997693
2017-08-16,80.564,1107,2400.572072067085
2017-08-17,9517.287999999999,1108,2401.683519534401
2017-08-18,7078.4839999999995,1109,2402.7949670017165
2017-08-19,512.446,1110,2403.9064144690324
2017-08-20,692.95,1111,2405.017861936348
2017-08-21,8551.054,1112,2406.1293094036637
2017-08-22,524.54,1113,2407.2407568709796
2017-08-23,4590.344,1114,2408.352204338295
2017-08-24,685.0560000000002,1115,2409.4636518056104
2017-08-25,361.988,1116,2410.5750992729263
2017-08-26,190.66,1117,2411.686546740242
2017-08-27,6190.538,1118,2412.7979942075576
2017-08-28,1443.6319999999998,1119,2413.9094416748735
2017-08-29,235.46800000000002,1120,2415.020889142189
2017-08-31,3162.83,1121,2416.132336609505
2017-09-01,1261.81,1122,2417.2437840768207
2017-09-02,9354.854,1123,2418.355231544136
2017-09-03,1595.849,1124,2419.4666790114516
2017-09-04,5360.202,1125,2420.5781264787674
2017-09-05,327.044,1126,2421.6895739460833
2017-09-07,3848.565,1127,2422.8010214133988
2017-09-08,2184.327,1128,2423.9124688807146
2017-09-09,4356.061,1129,2425.02391634803
2017-09-10,2506.646,1130,2426.135363815346
2017-09-11,5564.006,1131,2427.246811282662
2017-09-12,491.54999999999995,1132,2428.3582587499773
2017-09-13,15.92,1133,2429.4697062172927
2017-09-14,4367.347,1134,2430.5811536846086
2017-09-15,7285.026,1135,2431.6926011519245
2017-09-16,849.65,1136,2432.80404861924
2017-09-17,4979.226,1137,2433.915496086556
2017-09-18,1511.93,1138,2435.026943553871
2017-09-19,1648.188,1139,2436.138391021187
2017-09-20,7359.918,1140,2437.249838488503
2017-09-21,338.172,1141,2438.3612859558184
2017-09-22,7871.213,1142,2439.472733423134
2017-09-23,2395.786,1143,2440.5841808904497
2017-09-24,6450.4619999999995,1144,2441.6956283577656
2017-09-25,1412.213,1145,2442.807075825081
2017-09-26,1486.576,1146,2443.918523292397
2017-09-28,559.271,1147,2445.0299707597123
2017-09-29,1944.08,1148,2446.141418227028
2017-09-30,540.76,1149,2447.252865694344
2017-10-01,2978.466,1150,2448.3643131616595
2017-10-02,5418.022,1151,2449.475760628975
2017-10-03,2504.48,1152,2450.587208096291
2017-10-04,19.98,1153,2451.6986555636067
2017-10-05,6684.616,1154,2452.810103030922
2017-10-06,1499.652,1155,2453.921550498238
2017-10-07,2749.21,1156,2455.0329979655535
2017-10-08,608.356,1157,2456.1444454328694
2017-10-09,1496.589,1158,2457.2558929001852
2017-10-10,239.358,1159,2458.3673403675007
2017-10-12,5635.354,1160,2459.478787834816
2017-10-13,8405.802,1161,2460.590235302132
2017-10-14,134.332,1162,2461.701682769448
2017-10-15,1017.94,1163,2462.8131302367633
2017-10-16,3473.5969999999998,1164,2463.924577704079
2017-10-17,126.352,1165,2465.0360251713946
2017-10-19,2781.8702000000003,1166,2466.1474726387105
2017-10-20,1333.858,1167,2467.2589201060264
2017-10-21,4537.201,1168,2468.370367573342
2017-10-22,15158.877,1169,2469.4818150406572
2017-10-23,3352.3940000000002,1170,2470.593262507973
2017-10-24,529.0849999999999,1171,2471.704709975289
2017-10-26,999.868,1172,2472.8161574426044
2017-10-27,1086.32,1173,2473.9276049099203
2017-10-28,408.726,1174,2475.0390523772357
2017-10-29,46.96,1175,2476.1504998445516
2017-10-30,4025.7299999999996,1176,2477.2619473118675
2017-10-31,523.928,1177,2478.373394779183
2017-11-01,2921.43,1178,2479.4848422464984
2017-11-02,6294.386,1179,2480.5962897138143
2017-11-03,4536.937,1180,2481.70773718113
2017-11-04,10668.096,1181,2482.8191846484456
2017-11-05,2355.064,1182,2483.9306321157615
2017-11-06,4288.75,1183,2485.042079583077
2017-11-07,2413.378,1184,2486.1535270503928
2017-11-08,384.1,1185,2487.2649745177087
2017-11-09,4751.492,1186,2488.376421985024
2017-11-10,4007.5480000000002,1187,2489.4878694523395
2017-11-11,1815.2179999999998,1188,2490.5993169196554
2017-11-12,2911.386,1189,2491.7107643869713
2017-11-13,6633.4202000000005,1190,2492.8222118542867
2017-11-14,834.6579999999999,1191,2493.9336593216026
2017-11-15,559.2,1192,2495.045106788918
2017-11-16,4755.234,1193,2496.156554256234
2017-11-17,13694.8828,1194,2497.26800172355
2017-11-18,1469.756,1195,2498.379449190865
2017-11-19,7397.272,1196,2499.4908966581806
2017-11-20,2988.274,1197,2500.6023441254965
2017-11-21,2236.1839999999997,1198,2501.7137915928124
2017-11-22,35.712,1199,2502.825239060128
2017-11-23,1153.109,1200,2503.9366865274437
2017-11-24,4959.641,1201,2505.048133994759
2017-11-25,3666.157,1202,2506.159581462075
2017-11-26,5048.1720000000005,1203,2507.271028929391
2017-11-27,1618.254,1204,2508.3824763967064
2017-11-28,6912.944,1205,2509.493923864022
2017-11-29,491.888,1206,2510.6053713313377
2017-11-30,6645.282,1207,2511.7168187986535
2017-12-01,5331.178,1208,2512.828266265969
2017-12-02,9951.182,1209,2513.939713733285
2017-12-03,1403.842,1210,2515.0511612006003
2017-12-04,2639.638,1211,2516.162608667916
2017-12-05,1453.136,1212,2517.274056135232
2017-12-06,10.68,1213,2518.3855036025475
2017-12-07,2916.514,1214,2519.496951069863
2017-12-08,7643.041,1215,2520.608398537179
2017-12-09,5470.39,1216,2521.7198460044947
2017-12-10,3873.5589999999997,1217,2522.83129347181
2017-12-11,2823.965,1218,2523.942740939126
2017-12-13,580.936,1219,2525.0541884064414
2017-12-14,3897.714,1220,2526.1656358737573
2017-12-15,306.88800000000003,1221,2527.277083341073
2017-12-16,858.702,1222,2528.3885308083886
2017-12-17,2027.758,1223,2529.499978275704
2017-12-18,3645.911,1224,2530.61142574302
2017-12-19,1895.926,1225,2531.722873210336
2017-12-20,377.736,1226,2532.8343206776512
2017-12-21,2140.94,1227,2533.945768144967
2017-12-22,7442.021,1228,2535.0572156122826
2017-12-23,1926.776,1229,2536.1686630795984
2017-12-24,6233.054,1230,2537.2801105469143
2017-12-25,2698.927,1231,2538.3915580142298
2017-12-26,814.5939999999999,1232,2539.503005481545
2017-12-27,177.636,1233,2540.614452948861
2017-12-28,1657.3508000000002,1234,2541.725900416177
2017-12-29,2915.534,1235,2542.8373478834924
2017-12-30,713.7900000000001,1236,2543.9487953508083
